one,two,three,four,five
V130020138,V0130045047,V130085500,V130009025,V0130004029
V130043103,V130088387,V130107752,V0130013478,V0130017087
V130060034,V0130099555,V130141875,V130105128,V130107841
V130061203,V0130099898,V130174605,V130113169,V130107874
V130065918,V130105485,V130179455,V0130122663,V0130125315
V130066909,V0130149882,V130185430,V130151458,V0130151063
V130068404,V130164297,V130187631,V130155378,V130160540
V0130072553,V0130165051,V130187814,V130156192,V130163994
V130084690,V130166714,V130194051,V130163679,V130167014
V130084834,V130170322,V130196589,V130179042,V0130173932
V130087459,V130174954,V0130204309,V130185537,V130175014
V130092816,V0130175155,V130210215,V0130188002,V130178336
V130103327,V130189351,V130214194,V130188438,V0130194071
V130107304,V130189598,V130215005,V130188634,V130199799
V130107754,V0130195283,V130215241,V130195140,V130204577
V130108970,V130201170,V130215307,V130200023,V130223716
V0130108989,V130204768,V130219663,V130205985,V130225787
V130112624,V0130205018,V130222446,V130213602,V130227819
V130115061,V130206391,V130222979,V130213793,V130234388
V130127464,V130206532,V130225043,V130221748,V130237658
V130127519,V130210984,V130227252,V130223140,V130238665
V0130137290,V0130211126,V0130227306,V130226158,V130242645
V130137324,V0130218676,V130228645,V130226485,V130243097
V130137678,V0130219655,V130231632,V0130227666,V130243306
V130137773,V130219973,V0130232995,V130233626,V130243335
V130138262,V130220927,V130233119,V130234239,V130243707
V0130139196,V0130220955,V130233743,V0130235540,V0130243883
V130139298,V130221292,V130237370,V130237434,V130244339
V130139569,V130221696,V130239017,V130237622,V130244917
V130140689,V0130222560,V130242672,V130239779,V130247472
V130142355,V130222741,V130242693,V130241870,V130247590
V130142554,V130223001,V130242764,V130243160,V130247652
V130150565,V130223037,V130242834,V130243194,V130248446
V130150853,V130223234,V130242839,V130243302,V130248706
V130151393,V0130223315,V130243318,V0130244817,V130248952
V0130155603,V130223386,V130243363,V130247750,V130249474
V130155613,V130223566,V130243898,V0130249771,V0130249878
V130155778,V0130228411,V130243956,V130250057,V0130250358
V130156985,V130228935,V130244128,V130250456,V130252512
V130157500,V0130232630,V130244217,V130250708,V130253701
V130160477,V0130233230,V0130244249,V130250732,V130259428
V130160505,V0130233414,V130244351,V130254755,V130260227
V130160532,V130233454,V130244415,V130255318,V130260586
V130164677,V130233713,V130244469,V130255321,V0130260664
V130165953,V130233866,V130244701,V130256257,V0130262383
V130166329,V130234233,V130244975,V130259167,V130262805
V130170908,V130235948,V130245060,V130260177,V130263457
V130170939,V0130235988,V130245674,V130260442,V130266911
V130171055,V130237157,V130246832,V130260481,V130267000
V0130171056,V130237353,V130246850,V0130261053,V130267215
V130171267,V130238819,V130249349,V130261138,V130267338
V130174093,V130241006,V130249416,V130264413,V130267561
V0130174384,V130242794,V130249676,V130267276,V0130268205
V130178388,V130242849,V130249992,V130267506,V130268732
V130179954,V130242935,V0130250489,V130267652,V130269683
V130180315,V130242975,V130250566,V0130267877,V130270123
V130180623,V130243030,V130250919,V130267982,V130271047
V130180891,V130243034,V130251136,V130268200,V130271337
V0130181240,V130243055,V130256598,V130268322,V130271364
V130184856,V130243179,V130258690,V130268566,V130272176
V130185052,V130243210,V130260285,V130269075,V130272491
V130185422,V130243314,V130260646,V130269202,V0130276662
V130188298,V130243545,V130263102,V130269630,V0130277374
V130188333,V130243577,V0130263253,V130269751,V0130277436
V130189127,V130243851,V130264999,V130270017,V130278126
V130189446,V0130244100,V130266628,V130270322,V0130278245
V130190252,V130244129,V130266822,V130270352,V0130278994
V130190504,V130244244,V130266907,V0130270651,V130279005
V130194156,V0130245385,V130267047,V130270764,V130279560
V130194279,V130245454,V130267305,V130271159,V130280387
V0130194608,V0130246397,V130267383,V130271295,V0130280597
V130194710,V130247881,V130267460,V130271752,V130281032
V130194764,V0130247933,V130267526,V130271800,V130281342
V0130194776,V130248097,V130267538,V130272254,V130281834
V130195456,V130249143,V130267558,V130272457,V130281858
V130196353,V130249640,V130267751,V130272592,V130282263
V130199728,V130249649,V130267984,V130277244,V130282648
V130200006,V130250079,V130268394,V130277250,V130283440
V130200146,V130250108,V130268828,V130277922,V130283745
V130200402,V130250303,V130268942,V130277971,V130284021
V130201258,V130250610,V130269005,V130277995,V130284384
V130203915,V130250802,V130269107,V0130278221,V130285572
V130204683,V0130254247,V130269136,V130279429,V130286119
V130205343,V130254677,V130269160,V130279480,V130286294
V130205618,V130255557,V130269664,V130279513,V0130287317
V130210447,V130255729,V130269722,V130279612,V130291132
V0130210736,V130256102,V130269757,V130279667,V0130292210
V130211003,V0130256616,V130269894,V130279977,V0130293547
V0130213727,V0130258799,V130270050,V0130280182,V0130294387
V130213833,V130259204,V130270132,V130281256,V0130294633
V0130214096,V0130259463,V130270313,V130281729,V0130295798
V130215166,V130259893,V130270489,V130281835,V0130296918
V130215472,V130260275,V130270651,V130281852,V0130297327
V130216844,V130260398,V130270726,V130281879,V0130300723
V130216908,V0130260501,V130270750,V130281906,V0130301638
V130217770,V130260598,V130270858,V130282000,V0130302017
V130218122,V130260950,V130271402,V130282027,V0130302542
V130218253,V130261703,V130271711,V130282045,V0130302687
V130218570,V0130263077,V130271907,V130282243,V0130303028
V130218649,V130264039,V130271937,V130282313,V0130303773
V130218654,V130264387,V130277253,V130282513,V0130304060
V130218741,V130266642,V130277338,V130282613,V0130304603
V130218822,V130266769,V130277706,V130282800,V0130308703
V130218979,V0130267139,V130278013,V130282865,V0130309276
V130219263,V0130267769,V130278824,V130282950,V0130309442
V130219334,V130268187,V130279448,V130283008,V0130309608
V130219688,V0130268204,V130279472,V130283284,V0130309681
V130220450,V130268247,V130279650,V130283534,V0130310028
V130220861,V130268482,V130279674,V0130283643,V0130310959
V130221123,V130268633,V130279850,V130283871,V0130311226
V130221264,V130268713,V130279909,V130283929,V0130313433
V130221742,V130269038,V130280129,V130283949,V0130313533
V130222368,V130269168,V130280330,V130284392,V0130314824
V130222369,V130269495,V130280951,V130285556,V0130315368
V130222542,V130269745,V130281157,V0130285643,V0130315487
V130223119,V130269839,V130281459,V0130285654,V0130315750
V130223211,V130269932,V130281562,V130285683,V0130315976
V130223355,V130270113,V130281702,V130285768,V0130316417
V130223568,V130270126,V130281714,V130286094,V0130335306
V130223596,V0130270261,V130281848,V130286165,V0130335748
V130224399,V130270333,V130281861,V130286182,V0130335750
V0130225700,V130270572,V130282181,V130286211,V0130335952
V130225744,V0130270673,V130282201,V130286510,V0130335986
V130226020,V130270746,V130282225,V130286551,V0130336267
V130228326,V130270823,V130282265,V130286576,
V130228474,V130270921,V130282327,V0130290682,
V130228952,V130271236,V130282470,V0130291487,
V130229003,V130271315,V130282514,V0130292836,
V130229137,V130271645,V130282620,V0130296344,
V130229378,V130271806,V130282786,V0130296348,
V0130229702,V130272093,V130282816,V0130297995,
V130229756,V130272257,V130282841,V0130298307,
V130229879,V0130276700,V130282842,V0130299220,
V130232023,V130277030,V130282873,V0130302463,
V130232067,V0130277182,V130282943,V0130303256,
V130233570,V0130277468,V130282967,V0130303336,
V130234223,V0130277572,V130283123,V0130304774,
V130234237,V0130278415,V130283129,V0130305379,
V0130234369,V130278438,V130283231,V0130308318,
V130234430,V130278655,V130283320,V0130309242,
V130234965,V130278811,V130283602,V0130309737,
V130235170,V130278867,V130283686,V0130309906,
V0130235246,V130278927,V130283816,V0130310088,
V0130235727,V130278950,V130283888,V0130310185,
V0130235801,V130278990,V130283999,V0130310698,
V130235950,V0130279308,V130284054,V0130311307,
V130236014,V130279511,V130284064,V0130312448,
V130236058,V130279699,V130284128,V0130313487,
V0130236145,V0130279758,V130284292,V0130314236,
V130236434,V0130280290,V130284341,V0130314460,
V130236557,V130280656,V130284610,V0130315267,
V130236862,V130281137,V130284663,V0130315305,
V130238120,V130281142,V130284760,V0130315620,
V130238470,V130281153,V130284925,V0130315625,
V130238587,V130281202,V130284957,V0130315677,
V130238611,V130281566,V130285055,V0130315818,
V130238647,V130281846,V130285066,V0130334686,
V130238883,V130281983,V130285267,V0130335331,
V130239030,V130282086,V130285672,V0130335966,
V130239166,V130282216,V130285754,V0130336084,
V130239586,V130282246,V130285856,V0130336451,
V130239673,V130282262,V130285953,V0130336535,
V130239789,V130282415,V130286102,,
V130239878,V130282518,V130286166,,
V0130240320,V130282768,V130286200,,
V130240669,V130282871,V130286241,,
V0130240828,V130282892,V130286439,,
V130240829,V130282906,V130286525,,
V130240971,V0130283010,V130286537,,
V130241469,V130283223,V0130291558,,
V0130242580,V0130283342,V0130293975,,
V130242617,V130283432,V0130295472,,
V130242662,V130283493,V0130295486,,
V130242673,V130283516,V0130296137,,
V130242718,V0130283624,V0130297156,,
V130242752,V130284177,V0130297235,,
V130242786,V130284225,V0130300287,,
V130242870,V0130284680,V0130302352,,
V130242908,V130285096,V0130302442,,
V130242948,V130285180,V0130302938,,
V130242971,V130285411,V0130303013,,
V130242978,V130285469,V0130303050,,
V130243007,V130285520,V0130303472,,
V130243016,V130285531,V0130304514,,
V0130243062,V130285729,V0130305951,,
V130243120,V130285838,V0130306650,,
V130243138,V130285861,V0130306708,,
V130243170,V130285870,V0130307500,,
V130243172,V130285909,V0130307614,,
V130243221,V130285932,V0130308732,,
V130243231,V130286153,V0130309963,,
V130243296,V130286239,V0130310705,,
V130243498,V130286286,V0130311291,,
V130243644,V130286429,V0130311359,,
V130243846,V0130286829,V0130311539,,
V130243950,V0130287356,V0130312485,,
V130244060,V0130288193,V0130316537,,
V130244099,V0130288721,V0130335461,,
V130244116,V0130288943,V0130335787,,
V130244118,V0130291439,V0130335914,,
V0130244189,V0130292103,V1301281841,,
V130244499,V0130293202,V1302286266,,
V130244511,V0130293974,,,
V130244551,V0130294987,,,
V130244575,V0130295652,,,
V130244582,V0130295786,,,
V130244589,V0130296001,,,
V130244602,V0130296366,,,
V0130244839,V0130296533,,,
V130245220,V0130296620,,,
V130245246,V0130296804,,,
V130245353,V0130296887,,,
V130245391,V0130297336,,,
V130246460,V0130298256,,,
V0130246685,V0130298456,,,
V130246742,V0130299521,,,
V130246854,V0130299605,,,
V130246897,V0130299643,,,
V130246921,V0130300783,,,
V130247151,V0130301095,,,
V130247205,V0130301693,,,
V0130247642,V0130301754,,,
V130247658,V0130302066,,,
V130247671,V0130302481,,,
V130247676,V0130302517,,,
V130247766,V0130302638,,,
V130247817,V0130302851,,,
V130247966,V0130302868,,,
V130248074,V0130302890,,,
V130248188,V0130302906,,,
V130248421,V0130303095,,,
V130248525,V0130303109,,,
V130248574,V0130303219,,,
V130248789,V0130303553,,,
V130248935,V0130304055,,,
V130249267,V0130304082,,,
V130249441,V0130304191,,,
V130249488,V0130304396,,,
V130249582,V0130304758,,,
V130249716,V0130305510,,,
V130250206,V0130306080,,,
V130250577,V0130306820,,,
V130250691,V0130307160,,,
V130250768,V0130307305,,,
V130250889,V0130307427,,,
V130251091,V0130307430,,,
V130251232,V0130307782,,,
V130251284,V0130308246,,,
V130251379,V0130308907,,,
V130251403,V0130309541,,,
V130251755,V0130310043,,,
V130251791,V0130310826,,,
V130252032,V0130310923,,,
V0130252058,V0130311349,,,
V130252147,V0130311476,,,
V130252443,V0130311629,,,
V130252526,V0130311656,,,
V130252578,V0130311693,,,
V0130253701,V0130311801,,,
V130253837,V0130312239,,,
V130253911,V0130312419,,,
V130253921,V0130312585,,,
V130254190,V0130312610,,,
V130255297,V0130312849,,,
V130255534,V0130313036,,,
V130256207,V0130313568,,,
V130256317,V0130313695,,,
V130256447,V0130313806,,,
V130258759,V0130314025,,,
V130258923,V0130314298,,,
V130259154,V0130314349,,,
V130259207,V0130314609,,,
V130259416,V0130314679,,,
V130259479,V0130315161,,,
V130259498,V0130315214,,,
V130259925,V0130315233,,,
V130260016,V0130315258,,,
V130260113,V0130315260,,,
V130260327,V0130315273,,,
V130260445,V0130315353,,,
V130260505,V0130316063,,,
V130260577,V0130316200,,,
V130260640,V0130334803,,,
V130260714,V0130335270,,,
V130260820,V0130335548,,,
V130261145,V0130335587,,,
V130261385,V0130335616,,,
V130261466,V0130335850,,,
V130261546,V0130335955,,,
V130261628,V0130335973,,,
V130261857,V0130336038,,,
V130261878,V0130336044,,,
V130262010,V0130336249,,,
V130262334,V0130336254,,,
V130262396,V0130336323,,,
V130262479,V0130336438,,,
V130262681,V0130336472,,,
V130263526,,,,
V130263738,,,,
V130263791,,,,
V130264550,,,,
V130265956,,,,
V130266147,,,,
V130266534,,,,
V130266556,,,,
V130266636,,,,
V130266646,,,,
V130266666,,,,
V130266749,,,,
V130266815,,,,
V130266901,,,,
V130267085,,,,
V130267102,,,,
V130267162,,,,
V130267181,,,,
V130267222,,,,
V130267256,,,,
V130267323,,,,
V130267347,,,,
V130267366,,,,
V130267461,,,,
V130267512,,,,
V130267568,,,,
V130267706,,,,
V130267720,,,,
V130267727,,,,
V130267755,,,,
V130267784,,,,
V130268060,,,,
V130268069,,,,
V130268280,,,,
V130268299,,,,
V130268307,,,,
V130268350,,,,
V130268380,,,,
V130268399,,,,
V130268512,,,,
V130268521,,,,
V130268562,,,,
V130268576,,,,
V0130268638,,,,
V130268936,,,,
V130268943,,,,
V130268946,,,,
V130268957,,,,
V130268979,,,,
V130268999,,,,
V130269194,,,,
V130269298,,,,
V130269383,,,,
V130269430,,,,
V130269579,,,,
V130269658,,,,
V130269782,,,,
V130269854,,,,
V130269969,,,,
V130270023,,,,
V130270030,,,,
V130270038,,,,
V130270076,,,,
V130270122,,,,
V130270170,,,,
V130270223,,,,
V130270272,,,,
V130270283,,,,
V130270284,,,,
V130270346,,,,
V130270365,,,,
V130270420,,,,
V130270498,,,,
V130270638,,,,
V130270649,,,,
V130270673,,,,
V130270773,,,,
V130270801,,,,
V130270861,,,,
V130271197,,,,
V130271372,,,,
V130271417,,,,
V130271456,,,,
V130271460,,,,
V130271618,,,,
V130271693,,,,
V130271729,,,,
V130271877,,,,
V130271913,,,,
V130271915,,,,
V130271916,,,,
V130272076,,,,
V130272296,,,,
V130272421,,,,
V130272449,,,,
V130272498,,,,
V130272512,,,,
V130272565,,,,
V130272587,,,,
V130272597,,,,
V130272609,,,,
V130276925,,,,
V130277017,,,,
V130277072,,,,
V130277132,,,,
V130277210,,,,
V130277313,,,,
V130277928,,,,
V130277950,,,,
V130278107,,,,
V130278487,,,,
V130278657,,,,
V130278659,,,,
V130278700,,,,
V130278741,,,,
V130278826,,,,
V130278863,,,,
V130278881,,,,
V130278890,,,,
V130278905,,,,
V130278909,,,,
V130278942,,,,
V130278988,,,,
V130279432,,,,
V130279553,,,,
V130279565,,,,
V130279673,,,,
V130279725,,,,
V130279849,,,,
V130279861,,,,
V130279887,,,,
V130279938,,,,
V130279948,,,,
V130279956,,,,
V130280010,,,,
V130280045,,,,
V130280145,,,,
V130280170,,,,
V130280238,,,,
V130280321,,,,
V130280338,,,,
V130280397,,,,
V130280499,,,,
V130280640,,,,
V130280689,,,,
V130280946,,,,
V130281078,,,,
V130281090,,,,
V130281104,,,,
V130281222,,,,
V130281236,,,,
V130281295,,,,
V130281309,,,,
V130281412,,,,
V130281422,,,,
V130281563,,,,
V130281579,,,,
V130281657,,,,
V130281704,,,,
V130281754,,,,
V130281817,,,,
V130281841,,,,
V130281856,,,,
V130281930,,,,
V130281932,,,,
V130281963,,,,
V130282036,,,,
V130282041,,,,
V130282042,,,,
V130282120,,,,
V130282134,,,,
V130282193,,,,
V130282202,,,,
V130282203,,,,
V130282234,,,,
V130282249,,,,
V130282489,,,,
V130282546,,,,
V130282575,,,,
V130282580,,,,
V130282644,,,,
V130282670,,,,
V130282735,,,,
V130282739,,,,
V130282793,,,,
V130282795,,,,
V130282801,,,,
V130282879,,,,
V130282920,,,,
V130282932,,,,
V130283040,,,,
V0130283051,,,,
V130283058,,,,
V130283125,,,,
V130283135,,,,
V130283146,,,,
V130283157,,,,
V130283162,,,,
V130283164,,,,
V130283192,,,,
V130283316,,,,
V130283346,,,,
V0130283349,,,,
V130283358,,,,
V130283412,,,,
V130283525,,,,
V130283563,,,,
V130283574,,,,
V130283575,,,,
V130283589,,,,
V0130283596,,,,
V130283596,,,,
V130283763,,,,
V130283772,,,,
V130283780,,,,
V130283783,,,,
V130283818,,,,
V130283822,,,,
V130283861,,,,
V130283905,,,,
V130283952,,,,
V130283976,,,,
V130284038,,,,
V130284078,,,,
V130284109,,,,
V130284129,,,,
V130284222,,,,
V130284276,,,,
V130284466,,,,
V130284565,,,,
V130284683,,,,
V130284714,,,,
V130284744,,,,
V130284778,,,,
V130284861,,,,
V130285048,,,,
V130285094,,,,
V130285117,,,,
V130285170,,,,
V130285177,,,,
V130285289,,,,
V130285462,,,,
V130285476,,,,
V130285502,,,,
V130285547,,,,
V130285558,,,,
V130285603,,,,
V130285647,,,,
V130285652,,,,
V130285689,,,,
V130285695,,,,
V130285710,,,,
V130285711,,,,
V130285783,,,,
V130285877,,,,
V130286152,,,,
V130286204,,,,
V130286242,,,,
V130286407,,,,
V130286571,,,,
V0130287012,,,,
V0130288026,,,,
V0130288465,,,,
V0130289955,,,,
V0130290411,,,,
V130291139,,,,
V0130292878,,,,
V0130293544,,,,
V0130293693,,,,
V0130293712,,,,
V0130294171,,,,
V0130294452,,,,
V0130294698,,,,
V0130294772,,,,
V0130295058,,,,
V0130295670,,,,
V0130296976,,,,
V0130297315,,,,
V0130298199,,,,
V0130299506,,,,
V0130299896,,,,
V0130300026,,,,
V0130300422,,,,
V0130301040,,,,
V0130301906,,,,
V0130301991,,,,
V0130302018,,,,
V0130302474,,,,
V0130303118,,,,
V0130303686,,,,
V0130304056,,,,
V0130304058,,,,
V0130305059,,,,
V0130305478,,,,
V0130306675,,,,
V0130306679,,,,
V0130306881,,,,
V0130307027,,,,
V0130307214,,,,
V0130307269,,,,
V0130308125,,,,
V0130308524,,,,
V0130308754,,,,
V0130309239,,,,
V0130309513,,,,
V0130310828,,,,
V0130310897,,,,
V0130311440,,,,
V0130312028,,,,
V0130312085,,,,
V0130312702,,,,
V0130313386,,,,
V0130314180,,,,
V0130314732,,,,
V0130314785,,,,
V0130315164,,,,
V0130315302,,,,
V0130315535,,,,
V0130315609,,,,
V0130316072,,,,
V0130316482,,,,
V0130325496,,,,
V0130334720,,,,
V0130335406,,,,
V0130335516,,,,
V0130335908,,,,
V0130336241,,,,
V1301215472,,,,
V01303250257,,,,
